USE la_guarida_petshop;

/*Users*/

insert into users (id, name, lastname, email, password, avatar, isadmin) values (1, 'Maria', 'Lownes', 'mlownes0@gravatar.com', '$2a$12$x3Ck5Hfh3C00AUAU1i36LexZDh1i02UBIcEz5NniQEEQ3yhwWLO9i', 'avatar3.png', true);
insert into users (id, name, lastname, email, password, avatar, isadmin) values (2, 'Marius', 'Bownass', 'mbownass1@ihg.com', '$2a$12$bpsYKtYMjxOZaxvVbf8hz.80dM0V5uSg5jXUUfCfVpsII0z6WvsOS', 'avatar1.png', false);
insert into users (id, name, lastname, email, password, avatar, isadmin) values (3, 'Alys', 'Carpmile', 'acarpmile2@desdev.cn', '$2a$12$OJXagRUJXlVuainYjwqKsuM3WJrShoRqwyuZUAGb3Y2M2fUJLCkZe', 'avatar2.png', true);
insert into users (id, name, lastname, email, password, avatar, isadmin) values (4, 'Darcie', 'Rielly', 'drielly3@unblog.fr', '$2a$12$9UrJCnxskRUcSdA7mpufbOqz3tbY7SYVYVstlAylMEEoYFbx6k6.q', 'avatar3.png', false);
insert into users (id, name, lastname, email, password, avatar, isadmin) values (5, 'Aymer', 'Pellatt', 'apellatt4@addtoany.com', '$2a$12$BoCbAWCZMTEDa9Em5EayF.M1iCxn4Ud4TOJxzmZNU0Kn5dfiHWbl2', 'avatar1.png', false);
insert into users (id, name, lastname, email, password, avatar, isadmin) values (6, 'Kennedy', 'Barsam', 'kbarsam5@infoseek.co.jp', '$2a$12$ri6A7MGZvRHyuDqlW.17Y.nJB7eIJqsDS71FOvpDQG6NjlvvhF4cS', 'avatar2.png', true);
insert into users (id, name, lastname, email, password, avatar, isadmin) values (7, 'Ced', 'Bengall', 'cbengall6@elegantthemes.com', '$2a$12$bUU4O16XqA4nanZesyFzJeZjuyMjK5lJQAjA65g2O/.zK3jhiXUm.', 'avatar3.png', true);
insert into users (id, name, lastname, email, password, avatar, isadmin) values (8, 'Melisent', 'Longlands', 'mlonglands7@angelfire.com', '$2a$12$VMfcdP.M3NY2elYDlbWDKe84A8vu6jrtFGt0Lx.VXdrz8LJ3CB4kO', 'avatar1.png', true);
insert into users (id, name, lastname, email, password, avatar, isadmin) values (9, 'Feodor', 'Darbey', 'fdarbey8@blinklist.com', '$2a$12$/TlraU0lw4fhiuoKB.hwJOEefphkW55j7gmzFqsC/jan7eBjk5SvW', 'avatar2.png', true);
insert into users (id, name, lastname, email, password, avatar, isadmin) values (10, 'Tillie', 'Instrell', 'tinstrell9@dagondesign.com', '$2a$12$7C5k5RaW8GO/0pDJbIS4O.oEVBrgdjrjfPl3AOho4vxob4/D1gzIG', 'avatar3.png', true);
insert into users (id, name, lastname, email, password, avatar, isadmin) values (11, 'Kassey', 'Berrey', 'kberreya@jalbum.net', '$2a$12$2UrSjy0HtTvTRzxZG/Ynh.YCf0L.AC6OAc5vgjoJlz1LhT0iPFKma', 'avatar1.png', true);
insert into users (id, name, lastname, email, password, avatar, isadmin) values (12, 'Tracie', 'Audas', 'taudasb@weibo.com', '$2a$12$eKv4fJeXA8YDwVbe9tvrvuVHjrxvdYWqyjavE.VUc10luyIk2Iv0i', 'avatar2.png', false);
insert into users (id, name, lastname, email, password, avatar, isadmin) values (13, 'Dwight', 'Samme', 'dsammec@123-reg.co.uk', '$2a$12$KE54qv0fEiVCVUKp11kqHeiJW8wfeLwIbjDFWxHLa.UTd6/bknEie', 'avatar3.png', false);
insert into users (id, name, lastname, email, password, avatar, isadmin) values (14, 'Dene', 'Hinchshaw', 'dhinchshawd@mac.com', '$2a$12$3XBgzyFCb22s4nds4XGBEOuFTrrfdPjGynaC4JhDVAZqrKiFGVZCG', 'avatar1.png', true);
insert into users (id, name, lastname, email, password, avatar, isadmin) values (15, 'Guendolen', 'Reaveley', 'greaveleye@ow.ly', '$2a$12$7n1ZbEqqiOJQfIBN5vFSVulmuBvkPS8B5MLiiIXh4oQhI.clfRhPG', 'avatar2.png', false);
insert into users (id, name, lastname, email, password, avatar, isadmin) values (16, 'Rodolfo', 'Jain', 'rjainf@wikimedia.org', '$2a$12$O3/rnn7N4iHkDZ3kivzZwumod/qtkAz0AX8tPOM5x0EKHbQkxxGbO', 'avatar3.png', true);
insert into users (id, name, lastname, email, password, avatar, isadmin) values (17, 'Ulick', 'Izakson', 'uizaksong@amazon.com', '$2a$12$TJOcmVcufLaxHFtpe53VUOe6E2MB8yzIaYynUzI01GaQiFHD6Dlt2', 'avatar1.png', false);
insert into users (id, name, lastname, email, password, avatar, isadmin) values (18, 'Damita', 'Hibling', 'dhiblingh@nydailynews.com', '$2a$12$u2v7NgLZf38OcFxfsHaWG.FfZ95/HB6ULfe.i27zTrlS3plgAsHzu', 'avatar2.png', true);
insert into users (id, name, lastname, email, password, avatar, isadmin) values (19, 'Jamison', 'Muckloe', 'jmuckloei@latimes.com', '$2a$12$tmIOrWdI22zttIKXrsg2Re097KKWkRwHpi8FrBMk6KxChFTY2cPQy', 'avatar3.png', false);
insert into users (id, name, lastname, email, password, avatar, isadmin) values (20, 'Rowney', 'Scarce', 'rscarcej@wikia.com', '$2a$12$i3oqUaFgP3YhMec7G8vhiO9nPFAdvfHAovjWdnVwxWxDO3bV5Vmrm', 'avatar1.png', false);
insert into users (id, name, lastname, email, password, avatar, isadmin) values (21, 'Melvyn', 'Djurdjevic', 'mdjurdjevick@mozilla.org', '$2a$12$0omBH7Ug8mZXHp20Vu8opudhzG2N5IWZao039bNpBp7RFWcHo9Qii', 'avatar2.png', false);
insert into users (id, name, lastname, email, password, avatar, isadmin) values (22, 'Enrica', 'Bloxsum', 'ebloxsuml@umn.edu', '$2a$12$0/rMWK0ugRvwNCZXTQTv5um86WYtjXSCSxTPGg20djHPKzS5NNIuK', 'avatar3.png', false);
insert into users (id, name, lastname, email, password, avatar, isadmin) values (23, 'Adrian', 'Worgan', 'aworganm@biblegateway.com', '$2a$12$2pTCxT9slsotvVsnQPq0nOF6i9P3ES4b7cCJQggDJuf4.09eeJA3G', 'avatar1.png', true);
insert into users (id, name, lastname, email, password, avatar, isadmin) values (24, 'Henka', 'Montilla', 'hmontillan@wikispaces.com', '$2a$12$5MDWskqZHBGaVaFEv9rCpejixCaSJURjjVTG2rWUiHYSe.Wu.kM4S', 'avatar2.png', true);
insert into users (id, name, lastname, email, password, avatar, isadmin) values (25, 'Ingamar', 'Polding', 'ipoldingo@miitbeian.gov.cn', '$2a$12$SLLDE33uBBsaO6/yaDHqIegvHTrjKnTe74rwUuMBEk6auYEUiqZjO', 'avatar3.png', true);
insert into users (id, name, lastname, email, password, avatar, isadmin) values (26, 'Chadd', 'Scrowson', 'cscrowsonp@wikimedia.org', '$2a$12$69qVQvRnamBcHhHzevH1/euDgHz8yEbha7fYrE2uXrU79Y77Qz.iC', 'avatar1.png', true);
insert into users (id, name, lastname, email, password, avatar, isadmin) values (27, 'Sal', 'Vsanelli', 'svsanelliq@webs.com', '$2a$12$dRQblUlMAZzDKpvaqpAn4eTT8IxIUYTPi5WyIx2MVqM2nuuYrhrcS', 'avatar2.png', true);
insert into users (id, name, lastname, email, password, avatar, isadmin) values (28, 'Oren', 'Walsom', 'owalsomr@theatlantic.com', '$2a$12$NPS.qe/jNiSkzHUIW6m7cO.WuR9Sls1O59jZTEqnwHB92ZUqk6kiK', 'avatar3.png', false);
insert into users (id, name, lastname, email, password, avatar, isadmin) values (29, 'Kerri', 'Olufsen', 'kolufsens@google.fr', '$2a$12$Xu631O3hGuD4xuh6yu7IiOfdxmvQRF4HqEN4p6eE3X32gCFkzrrwK', 'avatar1.png', false);
insert into users (id, name, lastname, email, password, avatar, isadmin) values (30, 'Jayne', 'Bourne', 'jbournet@howstuffworks.com', '$2a$12$2s53YUlVSW8fLdVT4ZW1U.yUI2M31Atl97mPal7VTH28CjCDyxTrC', 'avatar2.png', false);
insert into users (id, name, lastname, email, password, avatar, isadmin) values (31, 'Sky', 'Daulby', 'sdaulbyu@chicagotribune.com', '$2a$12$G4S749MlilPmtOwXMuSFDeDZ1trtQb7RticnZ85TrqHlt0yr1gvma', 'avatar3.png', true);
insert into users (id, name, lastname, email, password, avatar, isadmin) values (32, 'Cloe', 'Slocumb', 'cslocumbv@go.com', '$2a$12$txXVu8FtOEkUQS8dOyNqOOW61B2ZOwCfTMiItyBhMHCYMYx41OClW', 'avatar1.png', false);
insert into users (id, name, lastname, email, password, avatar, isadmin) values (33, 'Sheilakathryn', 'Coneybeare', 'sconeybearew@wunderground.com', '$2a$12$ZxCzwX6W8Nm2NRbPGwE38.COfq1QyXTmo8llPjiXFbxItC.//98pS', 'avatar2.png', true);
insert into users (id, name, lastname, email, password, avatar, isadmin) values (34, 'Tommie', 'Bennett', 'tbennettx@alexa.com', '$2a$12$cn.RxSototUAb7GpBDqe6Ovok.K3nK5ijRavje8XyUEW7vR..QZ4u', 'avatar3.png', false);
insert into users (id, name, lastname, email, password, avatar, isadmin) values (35, 'Antoni', 'Brockley', 'abrockleyy@toplist.cz', '$2a$12$vPFKDoHqSc.1khvg9wmk7u73ZbmBzx/fwEWNXQphregZYj1ZWGFqS', 'avatar1.png', true);
insert into users (id, name, lastname, email, password, avatar, isadmin) values (36, 'Faustina', 'Trematick', 'ftrematickz@comcast.net', '$2a$12$2/eIu23i4DX/NT9sZa2kHOWQ2G2elNG.1mEFoT2Vm2yYGH234gAfG', 'avatar2.png', false);
insert into users (id, name, lastname, email, password, avatar, isadmin) values (37, 'Clarice', 'Catlette', 'ccatlette10@people.com.cn', '$2a$12$F5uiZYA9gL9vGHcgZYUY6.cebhAI0vg5DUT1f8to4TqIRxcI9vsr2', 'avatar3.png', false);
insert into users (id, name, lastname, email, password, avatar, isadmin) values (38, 'York', 'Dupoy', 'ydupoy11@mlb.com', '$2a$12$rm6Z2V8lmea8ow8.aZ4j5eRGf.KxMozE/0e7Wr7xSPj7NXavZZZtK', 'avatar1.png', false);
insert into users (id, name, lastname, email, password, avatar, isadmin) values (39, 'Theadora', 'O''Shevlan', 'toshevlan12@chronoengine.com', '$2a$12$EC.nkJ9RWce94cECnQIY5OO38UVaKgyCamj/eT5U2nvdXdwUpCV4e', 'avatar2.png', true);
insert into users (id, name, lastname, email, password, avatar, isadmin) values (40, 'Kelsey', 'Spires', 'kspires13@bigcartel.com', '$2a$12$M9F4YJ0Hu/Ehv5MZaiDQUuVm2j3WFX3HSjVHAEr5u0MiOIgk5J8d.', 'avatar3.png', false);

/*Categories*/

insert into categories (id, name) values (1, 'Snacks');
insert into categories (id, name) values (2, 'Accesorios');
insert into categories (id, name) values (3, 'Alimentos');
insert into categories (id, name) values (4, 'Juguetes');
insert into categories (id, name) values (5, 'Higiene');

/*Products*/

insert into products (id, category_id, name, description, price, image, rating, status, stock) values (1, 5, 'Nomad Foods Limited', 'lectus aliquam sit amet diam in magna bibendum', 1524.72, 'producto1.png', 4, 'destacado', 7);
insert into products (id, category_id, name, description, price, image, rating, status, stock) values (2, 3, 'Cato Corporation (The)', 'rutrum nulla nunc purus phasellus in felis donec semper sapien a libero', 1837.76, 'producto2.png', 5, 'oferta', 7);
insert into products (id, category_id, name, description, price, image, rating, status, stock) values (3, 3, 'Dreyfus High Yield Strategies Fund', 'proin interdum mauris non ligula pellentesque ultrices', 202.34, 'producto4.png', 3, 'oferta', 7);
insert into products (id, category_id, name, description, price, image, rating, status, stock) values (4, 4, 'Bank of South Carolina Corp.', 'mauris eget massa tempor convallis nulla neque libero', 508.49, 'producto2.png', 5, 'oferta', 4);
insert into products (id, category_id, name, description, price, image, rating, status, stock) values (5, 5, 'Taiwan Semiconductor Manufacturing Company', 'quis libero nullam sit amet turpis elementum ligula vehicula consequat morbi', 1763.11, 'producto5.png', 5, 'oferta', 1);
insert into products (id, category_id, name, description, price, image, rating, status, stock) values (6, 5, 'Thomson Reuters Corp', 'adipiscing lorem vitae mattis nibh ligula nec sem', 552.07, 'producto4.png', 5, 'destacado', 7);
insert into products (id, category_id, name, description, price, image, rating, status, stock) values (7, 4, 'Wright Medical Group N.V.', 'nulla mollis molestie lorem quisque', 954.79, 'producto1.png', 3, 'oferta', 7);
insert into products (id, category_id, name, description, price, image, rating, status, stock) values (8, 2, 'Nokia Corporation', 'volutpat eleifend donec ut dolor', 1006.54, 'producto5.png', 3, 'destacado', 2);
insert into products (id, category_id, name, description, price, image, rating, status, stock) values (9, 4, 'Riverview Bancorp Inc', 'blandit lacinia erat vestibulum sed magna at nunc commodo placerat', 613.4, 'producto3.png', 3, 'oferta', 3);
insert into products (id, category_id, name, description, price, image, rating, status, stock) values (10, 4, 'Alcobra Ltd.', 'dapibus augue vel accumsan tellus nisi', 1305.35, 'producto5.png', 3, 'oferta', 7);
insert into products (id, category_id, name, description, price, image, rating, status, stock) values (11, 4, 'Gramercy Property Trust', 'erat eros viverra eget congue eget semper rutrum', 1855.99, 'producto2.png', 5, 'oferta', 7);
insert into products (id, category_id, name, description, price, image, rating, status, stock) values (12, 3, 'Liberty Tax, Inc.', 'nulla mollis molestie lorem quisque ut erat curabitur gravida nisi at nibh', 653.72, 'producto1.png', 3, 'destacado', 6);
insert into products (id, category_id, name, description, price, image, rating, status, stock) values (13, 3, 'LendingTree, Inc.', 'mi pede malesuada in imperdiet', 902.01, 'producto2.png', 4, 'oferta', 1);
insert into products (id, category_id, name, description, price, image, rating, status, stock) values (14, 5, 'CHS Inc', 'in consequat ut nulla sed accumsan felis ut', 72.23, 'producto3.png', 5, 'oferta', 5);
insert into products (id, category_id, name, description, price, image, rating, status, stock) values (15, 2, 'Marsh & McLennan Companies, Inc.', 'lobortis convallis tortor risus dapibus augue vel accumsan', 837.01, 'producto1.png', 3, 'destacado', 1);
insert into products (id, category_id, name, description, price, image, rating, status, stock) values (16, 3, 'Allied Motion Technologies, Inc.', 'accumsan tellus nisi eu orci mauris lacinia sapien quis', 1261.83, 'producto5.png', 4, 'destacado', 1);
insert into products (id, category_id, name, description, price, image, rating, status, stock) values (17, 3, 'Tekla Healthcare Opportunies Fund', 'quisque arcu libero rutrum ac lobortis vel', 1619.32, 'producto2.png', 3, 'destacado', 4);
insert into products (id, category_id, name, description, price, image, rating, status, stock) values (18, 3, 'First Financial Corporation Indiana', 'nullam orci pede venenatis non', 1477.67, 'producto4.png', 4, 'oferta', 5);
insert into products (id, category_id, name, description, price, image, rating, status, stock) values (19, 4, 'Hanwha Q CELLS Co., Ltd. ', 'eleifend luctus ultricies eu nibh quisque id justo sit amet sapien', 857.83, 'producto3.png', 5, 'destacado', 2);
insert into products (id, category_id, name, description, price, image, rating, status, stock) values (20, 5, 'Ducommun Incorporated', 'quam pede lobortis ligula sit amet eleifend pede libero quis orci', 1243.6, 'producto1.png', 3, 'oferta', 4);

/*Orders*/

insert into orders (id, user_id, total) values (1, 13, 19548.6);
insert into orders (id, user_id, total) values (2, 31, 49603.3);
insert into orders (id, user_id, total) values (3, 4, 72.23);
insert into orders (id, user_id, total) values (4, 19, 149681.31);
insert into orders (id, user_id, total) values (5, 21, 6098.88);
insert into orders (id, user_id, total) values (6, 36, 22053.12);
insert into orders (id, user_id, total) values (7, 9, 72235.16);
insert into orders (id, user_id, total) values (8, 11, 32633.75);
insert into orders (id, user_id, total) values (9, 11, 5728.74);
insert into orders (id, user_id, total) values (10, 28, 81743.57);


/*Purchases*/

insert into purchases (id, order_id, product_id, quantity) values (1, 1, 6, 6);
insert into purchases (id, order_id, product_id, quantity) values (2, 1, 13, 18);
insert into purchases (id, order_id, product_id, quantity) values (3, 2, 10, 17);
insert into purchases (id, order_id, product_id, quantity) values (4, 2, 10, 21);
insert into purchases (id, order_id, product_id, quantity) values (5, 3, 14, 1);
insert into purchases (id, order_id, product_id, quantity) values (6, 4, 11, 26);
insert into purchases (id, order_id, product_id, quantity) values (7, 4, 16, 5);
insert into purchases (id, order_id, product_id, quantity) values (8, 4, 5, 23);
insert into purchases (id, order_id, product_id, quantity) values (9, 5, 1, 4);
insert into purchases (id, order_id, product_id, quantity) values (10, 6, 2, 12);
insert into purchases (id, order_id, product_id, quantity) values (11, 7, 14, 3);
insert into purchases (id, order_id, product_id, quantity) values (12, 7, 7, 30);
insert into purchases (id, order_id, product_id, quantity) values (13, 7, 4, 5);
insert into purchases (id, order_id, product_id, quantity) values (14, 7, 20, 12);
insert into purchases (id, order_id, product_id, quantity) values (15, 7, 17, 16);
insert into purchases (id, order_id, product_id, quantity) values (16, 8, 10, 25);
insert into purchases (id, order_id, product_id, quantity) values (17, 9, 7, 6);
insert into purchases (id, order_id, product_id, quantity) values (18, 10, 2, 25);
insert into purchases (id, order_id, product_id, quantity) values (19, 10, 19, 25);
insert into purchases (id, order_id, product_id, quantity) values (20, 10, 6, 26);
