USE la_guarida_petshop;

/*Users*/

insert into users (id, name, lastname, email, password, avatar, isadmin) values (1, 'Maria', 'Lownes', 'mlownes0@gravatar.com', 'BTALBOny5', 'avatar3.png', true);
insert into users (id, name, lastname, email, password, avatar, isadmin) values (2, 'Marius', 'Bownass', 'mbownass1@ihg.com', 'CUfZDvTMPcqI', 'avatar1.png', false);
insert into users (id, name, lastname, email, password, avatar, isadmin) values (3, 'Alys', 'Carpmile', 'acarpmile2@desdev.cn', 'Fc2jbFvD', 'avatar2.png', true);
insert into users (id, name, lastname, email, password, avatar, isadmin) values (4, 'Darcie', 'Rielly', 'drielly3@unblog.fr', 'Zxiuju5Nv5', 'avatar3.png', false);
insert into users (id, name, lastname, email, password, avatar, isadmin) values (5, 'Aymer', 'Pellatt', 'apellatt4@addtoany.com', 'MnkPQtU', 'avatar1.png', false);
insert into users (id, name, lastname, email, password, avatar, isadmin) values (6, 'Kennedy', 'Barsam', 'kbarsam5@infoseek.co.jp', '68ZpNq6J', 'avatar2.png', true);
insert into users (id, name, lastname, email, password, avatar, isadmin) values (7, 'Ced', 'Bengall', 'cbengall6@elegantthemes.com', '5nrxGRmljM7', 'avatar3.png', true);
insert into users (id, name, lastname, email, password, avatar, isadmin) values (8, 'Melisent', 'Longlands', 'mlonglands7@angelfire.com', 'iu34er8', 'avatar1.png', true);
insert into users (id, name, lastname, email, password, avatar, isadmin) values (9, 'Feodor', 'Darbey', 'fdarbey8@blinklist.com', 'q4rtxUhrB', 'avatar2.png', true);
insert into users (id, name, lastname, email, password, avatar, isadmin) values (10, 'Tillie', 'Instrell', 'tinstrell9@dagondesign.com', 'YSCMAa', 'avatar3.png', true);
insert into users (id, name, lastname, email, password, avatar, isadmin) values (11, 'Kassey', 'Berrey', 'kberreya@jalbum.net', '70bP2I', 'avatar1.png', true);
insert into users (id, name, lastname, email, password, avatar, isadmin) values (12, 'Tracie', 'Audas', 'taudasb@weibo.com', 'HIPDRAt7n', 'avatar2.png', false);
insert into users (id, name, lastname, email, password, avatar, isadmin) values (13, 'Dwight', 'Samme', 'dsammec@123-reg.co.uk', 'v9WVK4z8', 'avatar3.png', false);
insert into users (id, name, lastname, email, password, avatar, isadmin) values (14, 'Dene', 'Hinchshaw', 'dhinchshawd@mac.com', 'ISShfmuYQ', 'avatar1.png', true);
insert into users (id, name, lastname, email, password, avatar, isadmin) values (15, 'Guendolen', 'Reaveley', 'greaveleye@ow.ly', 'pQRiKPqeu', 'avatar2.png', false);
insert into users (id, name, lastname, email, password, avatar, isadmin) values (16, 'Rodolfo', 'Jain', 'rjainf@wikimedia.org', 'CZ3dfh', 'avatar3.png', true);
insert into users (id, name, lastname, email, password, avatar, isadmin) values (17, 'Ulick', 'Izakson', 'uizaksong@amazon.com', 'KArSXz', 'avatar1.png', false);
insert into users (id, name, lastname, email, password, avatar, isadmin) values (18, 'Damita', 'Hibling', 'dhiblingh@nydailynews.com', 'dmi9NL', 'avatar2.png', true);
insert into users (id, name, lastname, email, password, avatar, isadmin) values (19, 'Jamison', 'Muckloe', 'jmuckloei@latimes.com', 'Ueld8T1FTWvM', 'avatar3.png', false);
insert into users (id, name, lastname, email, password, avatar, isadmin) values (20, 'Rowney', 'Scarce', 'rscarcej@wikia.com', 'YCe6QodV', 'avatar1.png', false);
insert into users (id, name, lastname, email, password, avatar, isadmin) values (21, 'Melvyn', 'Djurdjevic', 'mdjurdjevick@mozilla.org', 'C4dmSell5h', 'avatar2.png', false);
insert into users (id, name, lastname, email, password, avatar, isadmin) values (22, 'Enrica', 'Bloxsum', 'ebloxsuml@umn.edu', '7YU0RxAaB', 'avatar3.png', false);
insert into users (id, name, lastname, email, password, avatar, isadmin) values (23, 'Adrian', 'Worgan', 'aworganm@biblegateway.com', 'xXzkNhZ', 'avatar1.png', true);
insert into users (id, name, lastname, email, password, avatar, isadmin) values (24, 'Henka', 'Montilla', 'hmontillan@wikispaces.com', 'L0XPsp2MhtK', 'avatar2.png', true);
insert into users (id, name, lastname, email, password, avatar, isadmin) values (25, 'Ingamar', 'Polding', 'ipoldingo@miitbeian.gov.cn', 'jdh2GXVyjL', 'avatar3.png', true);
insert into users (id, name, lastname, email, password, avatar, isadmin) values (26, 'Chadd', 'Scrowson', 'cscrowsonp@wikimedia.org', 'X0YkE3Dpep6', 'avatar1.png', true);
insert into users (id, name, lastname, email, password, avatar, isadmin) values (27, 'Sal', 'Vsanelli', 'svsanelliq@webs.com', 'x8p2lMapeYXs', 'avatar2.png', true);
insert into users (id, name, lastname, email, password, avatar, isadmin) values (28, 'Oren', 'Walsom', 'owalsomr@theatlantic.com', 'Yhd9CmnpqX3', 'avatar3.png', false);
insert into users (id, name, lastname, email, password, avatar, isadmin) values (29, 'Kerri', 'Olufsen', 'kolufsens@google.fr', 'l8lrl140', 'avatar1.png', false);
insert into users (id, name, lastname, email, password, avatar, isadmin) values (30, 'Jayne', 'Bourne', 'jbournet@howstuffworks.com', 'Gg9VKS6CQ', 'avatar2.png', false);
insert into users (id, name, lastname, email, password, avatar, isadmin) values (31, 'Sky', 'Daulby', 'sdaulbyu@chicagotribune.com', 'DCf47fpA', 'avatar3.png', true);
insert into users (id, name, lastname, email, password, avatar, isadmin) values (32, 'Cloe', 'Slocumb', 'cslocumbv@go.com', 'gnMkOx', 'avatar1.png', false);
insert into users (id, name, lastname, email, password, avatar, isadmin) values (33, 'Sheilakathryn', 'Coneybeare', 'sconeybearew@wunderground.com', 'NnxWJBugJ', 'avatar2.png', true);
insert into users (id, name, lastname, email, password, avatar, isadmin) values (34, 'Tommie', 'Bennett', 'tbennettx@alexa.com', 'ueke9du4XH', 'avatar3.png', false);
insert into users (id, name, lastname, email, password, avatar, isadmin) values (35, 'Antoni', 'Brockley', 'abrockleyy@toplist.cz', 'FXALs5mFHKd1', 'avatar1.png', true);
insert into users (id, name, lastname, email, password, avatar, isadmin) values (36, 'Faustina', 'Trematick', 'ftrematickz@comcast.net', 'dLmJRMg', 'avatar2.png', false);
insert into users (id, name, lastname, email, password, avatar, isadmin) values (37, 'Clarice', 'Catlette', 'ccatlette10@people.com.cn', '55HYhh', 'avatar3.png', false);
insert into users (id, name, lastname, email, password, avatar, isadmin) values (38, 'York', 'Dupoy', 'ydupoy11@mlb.com', 'PzgMsZ4ce', 'avatar1.png', false);
insert into users (id, name, lastname, email, password, avatar, isadmin) values (39, 'Theadora', 'O''Shevlan', 'toshevlan12@chronoengine.com', 'nqoHSCb', 'avatar2.png', true);
insert into users (id, name, lastname, email, password, avatar, isadmin) values (40, 'Kelsey', 'Spires', 'kspires13@bigcartel.com', 'g7lQjAcPym', 'avatar3.png', false);

/*Categories*/

insert into categories (id, name) values (1, 'Snacks');
insert into categories (id, name) values (2, 'Accesorios');
insert into categories (id, name) values (3, 'Alimentos');
insert into categories (id, name) values (4, 'Juguetes');
insert into categories (id, name) values (5, 'Higiene');

/*Products*/

insert into products (id, category_id, name, description, price, image, rating, status, stock) values (1, 5, 'Nomad Foods Limited', 'lectus aliquam sit amet diam in magna bibendum', 1524.72, 'producto1.png', 4, 'destacado', 7);
insert into products (id, category_id, name, description, price, image, rating, status, stock) values (2, 3, 'Cato Corporation (The)', 'rutrum nulla nunc purus phasellus in felis donec semper sapien a libero', 1837.76, 'producto2.png', 5, 'oferta', 7);
insert into products (id, category_id, name, description, price, image, rating, status, stock) values (3, 3, 'Dreyfus High Yield Strategies Fund', 'proin interdum mauris non ligula pellentesque ultrices', 202.34, 'producto4.png', 3, 'oferta', 7);
insert into products (id, category_id, name, description, price, image, rating, status, stock) values (4, 4, 'Bank of South Carolina Corp.', 'mauris eget massa tempor convallis nulla neque libero', 508.49, 'producto2.png', 5, 'oferta', 4);
insert into products (id, category_id, name, description, price, image, rating, status, stock) values (5, 5, 'Taiwan Semiconductor Manufacturing Company', 'quis libero nullam sit amet turpis elementum ligula vehicula consequat morbi', 1763.11, 'producto5.png', 5, 'oferta', 1);
insert into products (id, category_id, name, description, price, image, rating, status, stock) values (6, 5, 'Thomson Reuters Corp', 'adipiscing lorem vitae mattis nibh ligula nec sem', 552.07, 'producto4.png', 5, 'destacado', 7);
insert into products (id, category_id, name, description, price, image, rating, status, stock) values (7, 4, 'Wright Medical Group N.V.', 'nulla mollis molestie lorem quisque', 954.79, 'producto1.png', 3, 'oferta', 7);
insert into products (id, category_id, name, description, price, image, rating, status, stock) values (8, 2, 'Nokia Corporation', 'volutpat eleifend donec ut dolor', 1006.54, 'producto5.png', 3, 'destacado', 2);
insert into products (id, category_id, name, description, price, image, rating, status, stock) values (9, 4, 'Riverview Bancorp Inc', 'blandit lacinia erat vestibulum sed magna at nunc commodo placerat', 613.4, 'producto3.png', 3, 'oferta', 3);
insert into products (id, category_id, name, description, price, image, rating, status, stock) values (10, 4, 'Alcobra Ltd.', 'dapibus augue vel accumsan tellus nisi', 1305.35, 'producto5.png', 3, 'oferta', 7);
insert into products (id, category_id, name, description, price, image, rating, status, stock) values (11, 4, 'Gramercy Property Trust', 'erat eros viverra eget congue eget semper rutrum', 1855.99, 'producto2.png', 5, 'oferta', 7);
insert into products (id, category_id, name, description, price, image, rating, status, stock) values (12, 3, 'Liberty Tax, Inc.', 'nulla mollis molestie lorem quisque ut erat curabitur gravida nisi at nibh', 653.72, 'producto1.png', 3, 'destacado', 6);
insert into products (id, category_id, name, description, price, image, rating, status, stock) values (13, 3, 'LendingTree, Inc.', 'mi pede malesuada in imperdiet', 902.01, 'producto2.png', 4, 'oferta', 1);
insert into products (id, category_id, name, description, price, image, rating, status, stock) values (14, 5, 'CHS Inc', 'in consequat ut nulla sed accumsan felis ut', 72.23, 'producto3.png', 5, 'oferta', 5);
insert into products (id, category_id, name, description, price, image, rating, status, stock) values (15, 2, 'Marsh & McLennan Companies, Inc.', 'lobortis convallis tortor risus dapibus augue vel accumsan', 837.01, 'producto1.png', 3, 'destacado', 1);
insert into products (id, category_id, name, description, price, image, rating, status, stock) values (16, 3, 'Allied Motion Technologies, Inc.', 'accumsan tellus nisi eu orci mauris lacinia sapien quis', 1261.83, 'producto5.png', 4, 'destacado', 1);
insert into products (id, category_id, name, description, price, image, rating, status, stock) values (17, 3, 'Tekla Healthcare Opportunies Fund', 'quisque arcu libero rutrum ac lobortis vel', 1619.32, 'producto2.png', 3, 'destacado', 4);
insert into products (id, category_id, name, description, price, image, rating, status, stock) values (18, 3, 'First Financial Corporation Indiana', 'nullam orci pede venenatis non', 1477.67, 'producto4.png', 4, 'oferta', 5);
insert into products (id, category_id, name, description, price, image, rating, status, stock) values (19, 4, 'Hanwha Q CELLS Co., Ltd. ', 'eleifend luctus ultricies eu nibh quisque id justo sit amet sapien', 857.83, 'producto3.png', 5, 'destacado', 2);
insert into products (id, category_id, name, description, price, image, rating, status, stock) values (20, 5, 'Ducommun Incorporated', 'quam pede lobortis ligula sit amet eleifend pede libero quis orci', 1243.6, 'producto1.png', 3, 'oferta', 4);

/*Orders*/

insert into orders (id, user_id, total) values (1, 13, 19548.6);
insert into orders (id, user_id, total) values (2, 31, 49603.3);
insert into orders (id, user_id, total) values (3, 4, 72.23);
insert into orders (id, user_id, total) values (4, 19, 149681.31);
insert into orders (id, user_id, total) values (5, 21, 6098.88);
insert into orders (id, user_id, total) values (6, 36, 22053.12);
insert into orders (id, user_id, total) values (7, 9, 72235.16);
insert into orders (id, user_id, total) values (8, 11, 32633.75);
insert into orders (id, user_id, total) values (9, 11, 5728.74);
insert into orders (id, user_id, total) values (10, 28, 81743.57);


/*Purchases*/

insert into purchases (id, order_id, product_id, quantity) values (1, 1, 6, 6);
insert into purchases (id, order_id, product_id, quantity) values (2, 1, 13, 18);
insert into purchases (id, order_id, product_id, quantity) values (3, 2, 10, 17);
insert into purchases (id, order_id, product_id, quantity) values (4, 2, 10, 21);
insert into purchases (id, order_id, product_id, quantity) values (5, 3, 14, 1);
insert into purchases (id, order_id, product_id, quantity) values (6, 4, 11, 26);
insert into purchases (id, order_id, product_id, quantity) values (7, 4, 16, 5);
insert into purchases (id, order_id, product_id, quantity) values (8, 4, 5, 23);
insert into purchases (id, order_id, product_id, quantity) values (9, 5, 1, 4);
insert into purchases (id, order_id, product_id, quantity) values (10, 6, 2, 12);
insert into purchases (id, order_id, product_id, quantity) values (11, 7, 14, 3);
insert into purchases (id, order_id, product_id, quantity) values (12, 7, 7, 30);
insert into purchases (id, order_id, product_id, quantity) values (13, 7, 4, 5);
insert into purchases (id, order_id, product_id, quantity) values (14, 7, 20, 12);
insert into purchases (id, order_id, product_id, quantity) values (15, 7, 17, 16);
insert into purchases (id, order_id, product_id, quantity) values (16, 8, 10, 25);
insert into purchases (id, order_id, product_id, quantity) values (17, 9, 7, 6);
insert into purchases (id, order_id, product_id, quantity) values (18, 10, 2, 25);
insert into purchases (id, order_id, product_id, quantity) values (19, 10, 19, 25);
insert into purchases (id, order_id, product_id, quantity) values (20, 10, 6, 26);
